{"cameraMode":{"drawMode":0,"name":"Shaded","section":"Shading Mode"},"sceneLighting":true,"audioPlay":false,"sceneViewState":{"showFog":true,"showMaterialUpdate":false,"showSkybox":true,"showFlares":true,"showImageEffects":true,"showParticleSystems":true},"in2DMode":false,"pivot":{"x":8.8734712600708,"y":6.682362079620361,"z":7.659418106079102},"rotation":{"x":0.1441272795200348,"y":-0.8535592555999756,"z":0.31836313009262087,"w":0.3864218294620514},"size":8.083316802978516,"orthographic":false}